list_id,name,description,created_at,member_count,subscriber_count,is_private
L00001,Body probably future,Another somebody public. Gas today speak cold. Book best discuss fly prevent.,2025-11-08 07:46:55,65,10,True
L00002,Growth back statement crime,Share significant chair second difference machine. Cup computer kid off cup. Opportunity take board quickly as. Family work check.,2024-09-09 05:14:17,5,10,True
L00003,Step worker spring,,2024-10-07 00:04:12,5,10,False
L00004,Crime project,Every above man involve body. Hotel cup growth. Performance century lead month out share feeling.,2025-07-08 18:21:05,10,10,False
L00005,Baby of,,2023-02-12 05:42:57,15,20,False
L00006,Her for include,,2023-06-20 12:22:03,5,10,False
L00007,Modern general,Central its foot fast. Pattern physical tough draw just practice. Most she trouble. Upon create eye force argue doctor. Also rock PM price choice.,2025-05-13 17:06:24,25,10,False
L00008,Social issue,His station wonder across result ready until. At executive agency red know. Local administration job edge again. During ahead seek by.,2025-09-09 11:55:22,50,10,True
L00009,A,,2024-03-29 13:29:13,15,20,False
L00010,Happen better discuss,Prove popular hard week positive. Somebody sing relate decision great quickly. Myself despite positive important husband test. Air item adult these cup.,2024-02-19 09:10:15,5,30,False
L00011,Truth memory,,2023-12-22 17:54:24,40,10,True
L00012,Say fall help,,2024-07-06 05:58:44,5,120,False
L00013,Sea be leader,,2025-07-16 01:55:40,10,30,True
L00014,Blue may step,,2023-12-03 14:12:01,10,60,False
L00015,Consider,,2025-08-07 08:45:57,50,40,False
L00016,Expert research suffer,Create environment have. Process partner alone his pretty guess contain. Not town agreement.,2024-01-24 06:21:58,5,10,True
L00017,Whether,New three happen individual task. Official can car system. Admit network behavior floor action late thing.,2025-04-04 13:54:29,40,560,False
L00018,Yes financial on,,2023-10-12 23:31:26,5,10,True
L00019,Word off debate road,,2023-07-09 20:27:31,5,20,False
L00020,I see,,2023-03-02 19:25:30,5,20,False
L00021,Task,,2024-02-01 04:52:07,5,500,False
L00022,Environment sometimes,Wrong research reflect anyone president new. Chance guess economy plan do. Process main science specific partner move research.,2023-02-14 05:56:29,20,20,False
L00023,Administration couple as,,2024-10-07 12:50:54,5,10,False
L00024,Prove eight even,,2024-09-22 11:53:46,5,90,False
L00025,Nor of perhaps,Recognize important tend case economy already run. Physical imagine environmental color production.,2023-07-01 08:27:05,15,180,True
L00026,Several sign lay,Dark interest forget prevent. Cut who cold. Can individual mouth wish. Anything media ready can bill soldier news. Will class national be.,2024-01-14 10:48:28,10,310,False
L00027,War first,,2024-10-19 18:30:01,830,10,True
L00028,About leader,Foot choice important state. School maintain letter affect girl go edge.,2023-07-25 04:07:58,95,30,False
L00029,Trouble act,Paper feeling north leg range manage. Particularly sort message risk care top manager. Myself draw performance card prevent.,2023-03-10 18:05:50,5,10,False
L00030,City sure,,2025-03-13 23:24:39,10,60,False
L00031,Letter which billion surface,Hit arrive law large skill cultural issue. Claim teach body ago. Town low success but amount.,2025-03-25 01:16:17,5,350,True
L00032,Idea sure,Process stock how sing. Within high again heavy treatment admit indicate hundred. Group performance class administration hot business party pattern.,2023-08-01 10:49:49,5,10,True
L00033,Total the,,2023-05-01 18:17:25,5,100,True
L00034,Population area,,2023-11-29 07:07:52,25,80,True
L00035,Community guess able,Economic court other number she site to reveal. Final suggest result thousand sea.,2023-11-01 10:50:56,5,10,True
L00036,Whom include accept,Participant establish every call market contain once player. One some couple the test local store. Phone thought start suffer. Possible plan commercial buy.,2025-09-14 21:21:00,10,10,False
L00037,Green,Change out have recognize. Address network Republican agent. Bill behavior until soon edge.,2025-11-11 16:41:47,10,20,False
L00038,Where response,Right suddenly decade provide measure agreement leave. Entire black mention name study involve. School actually power.,2023-07-24 08:57:07,20,10,False
L00039,Past,Within cover commercial market officer hundred need. Drive movie possible teacher not. Coach develop activity here necessary hundred life.,2025-02-16 08:19:17,15,60,True
L00040,Allow also reflect,Group pick decide strategy face expert. Kid statement weight law study. Think sit yeah prevent.,2023-02-25 05:53:43,10,30,False
L00041,Section do letter,,2023-06-26 05:42:09,5,20,True
L00042,Either travel pull,,2025-09-13 03:33:00,5,30,False
L00043,Point citizen do,Capital only exactly sport about join. Often dark fall treat degree. Thus morning year particularly director and focus focus. Small owner draw country top.,2023-05-27 01:13:16,35,10,False
L00044,Remember company believe,,2023-06-14 11:59:14,5,10,False
L00045,Dark common want,Standard artist method black kitchen without. Church court determine chance enough exactly. Lawyer word you put statement forward.,2025-09-20 21:25:30,5,20,True
L00046,No station,Stop record sort environmental explain amount. Fine wind likely gas.,2023-01-24 03:56:37,5,270,False
L00047,Mind reality response,Seven plan ball language. Change by letter. Yet she surface structure inside fear eye economy.,2024-08-16 08:42:26,5,10,False
L00048,Wrong trip rise,Involve recognize mind audience. Be pattern real consumer movement. Program material activity where should night.,2023-12-30 11:03:54,5,10,False
L00049,West magazine,Wall movie experience article politics business. Community any coach loss final wall outside.,2024-09-10 09:02:05,5,10,False
L00050,Mind attorney,,2023-07-19 04:13:09,15,40,False
L00051,Life,Send build two once create through especially. Forward spend myself third ask page maintain. Know American detail society interesting.,2025-05-01 16:24:47,75,60,False
L00052,Born bank learn,,2023-06-18 07:46:30,5,30,False
L00053,Wide have,Major wife recent positive individual still try. Imagine fish her total food child participant. Day interest behind occur fact just indicate.,2025-05-06 14:30:24,5,70,False
L00054,Travel face be,,2022-12-14 11:58:59,5,50000,False
L00055,Prevent improve back,Fear water long explain interview. Fast bag whether pretty decision affect. Large stock whom green. Fly money music better sit.,2023-07-21 21:24:54,5,150,False
L00056,Back national local,Need wish popular will race word. Follow him daughter service agent institution former.,2023-06-29 06:26:26,5,20,False
L00057,Support perform model thousand,Yard certainly impact show service. Campaign house not who believe fall building.,2024-06-14 17:35:32,5,50,True
L00058,Oil add election,,2024-01-23 03:20:05,5,50,False
L00059,Successful issue instead,,2025-06-13 09:21:01,5,200,False
L00060,High,,2025-08-04 01:49:07,5,10,False
L00061,Like garden strategy,Suddenly safe white conference mission matter. Interview right instead sort. Before then yard talk. Senior life this partner mission.,2025-11-03 20:42:58,5,60,False
L00062,Economy fast sometimes nothing,,2024-10-02 12:52:16,5,10,True
L00063,Hundred rock quickly,Management they very great. Relationship body scientist spring bring son.,2024-04-12 10:17:29,15,20,False
L00064,Degree feel,Fact describe mean relationship against order attention. Land detail media present list claim. Rather better significant I poor bank structure.,2024-11-29 12:09:29,5,80,True
L00065,Blood economic,Painting center visit cup. Design American about other against. Even expect southern lawyer stay. Wall conference week second end those.,2022-12-20 02:31:56,5,10,True
L00066,Past him prevent,Go weight describe. Option commercial floor significant opportunity reveal perform always.,2025-05-05 22:57:40,5,80,False
L00067,Before bring,Dark poor property build yard lawyer war. Thousand country beat that. Tax strategy interest evening. Economic because resource firm firm.,2025-07-26 16:55:39,10,50,False
L00068,Argue among,Get environmental thousand question his game. Eye fast generation west mouth. Same food decade hard decade.,2023-02-23 02:43:09,5,20,True
L00069,Product arm five,Memory case manage then. Discover authority so write why. Nice knowledge black audience role. Property keep real him animal wind.,2025-04-14 08:47:15,5,10,True
L00070,Ask federal bring,Evening adult more question. Place provide between career organization. Company guess pretty enter loss environmental him feeling.,2023-03-29 07:37:26,5,20,True
L00071,Read him chair,Section include mind shoulder. Nice seat line fast partner might political. Discussion quickly laugh coach near.,2023-03-08 14:37:09,5,90,True
L00072,Yard kind we,,2024-08-16 02:20:48,25,10,True
L00073,Reduce approach prove,,2024-05-23 05:49:53,5,10,True
L00074,Clear after white better,After accept to notice recently. Face hand five itself happy end. Turn month wall year society. Yeah apply specific he open material.,2025-05-02 08:24:23,75,10,False
L00075,Listen,Stock him phone large pay. Southern least ball cell today any parent degree. Blue hand admit simple where.,2024-12-28 23:29:57,5,1560,False
L00076,Summer dinner social standard,Us theory yard certain. Total six show first. Authority town source computer experience customer past. Born fast point executive expect society theory.,2023-07-15 01:49:53,10,20,False
L00077,Financial couple,Challenge watch here could. Positive range apply firm responsibility born itself. Small feeling audience party. Assume eight already which bill compare.,2023-05-22 14:43:57,5,300,False
L00078,Fund back drop hold,,2024-08-06 12:06:09,75,10,False
L00079,Language age let,Finally pull list region. Source military never window. Home fear manage mention final art score.,2025-06-28 23:39:36,5,80,False
L00080,Entire rule body,,2025-03-25 17:32:42,65,20,True
L00081,Recognize attention,Trade themselves mind nearly. End difference effort the. Industry industry attorney soon something group voice behavior. Lay bring scene part.,2024-10-25 22:13:27,10,10,True
L00082,Authority data group,,2023-06-01 02:04:49,5,20,True
L00083,Candidate leg,Sing kitchen class pull nice. Media occur sea knowledge hit share company success. Song media great.,2024-12-25 06:59:28,20,10,False
L00084,List between,,2025-10-30 09:23:18,55,10,False
L00085,Painting after change,,2024-03-17 12:47:28,5,10,True
L00086,Whatever rate successful,Toward ten want manager little four student believe. Step Mr especially skill home this fast front. But machine wish challenge.,2022-12-21 02:57:02,10,20,True
L00087,Answer right already,House eye loss blood. Among two talk around. Four wind bit list win. Before better dark sure. Military however radio. Table inside follow film southern vote.,2025-11-19 19:32:53,5,40,False
L00088,Shake deal sport,Measure between consider event ok. Moment maintain various human. Example magazine read leave. Ok culture past.,2023-08-03 09:13:23,5,40,True
L00089,Political south,White night such forward. They while political. Government base life remember spend want player audience. Middle begin condition item. Image none agreement.,2025-09-21 19:56:39,20,70,True
L00090,Project full include,Clearly politics car difficult. Reason each right. Least unit per reach bank believe west. Try eye election then technology.,2025-05-10 14:44:58,15,20,True
L00091,Government number,,2023-02-19 10:09:51,5,40,False
L00092,Southern field third,Economy then skill watch. Join far worker especially guess. Sort care animal she. Which investment nothing listen.,2023-06-25 17:21:38,5,790,False
L00093,Use field,Wrong wait strong drop. Would garden reason reach should. Police music per keep from.,2024-01-27 19:26:51,10,10,True
L00094,Stay standard station,Occur eye policy wall low traditional idea. Someone wind suddenly another. Project always idea involve play increase me.,2022-12-14 03:27:26,5,10,True
L00095,Tend any,Wait form find certain. Scientist put yard hit past whole.,2024-01-19 07:23:20,5,30,False
L00096,Few,Seem organization significant care second worker. Explain cover season table soon. Space election talk hard stay scene. Consider teacher later nation.,2022-12-07 06:12:12,5,40,False
L00097,North media risk,,2023-04-18 18:42:45,5,10,True
L00098,Food similar,,2023-06-06 11:03:59,15,10,True
L00099,But,Hundred herself religious ahead. Kitchen arm song listen model great. A the course edge culture. Blue deep at spring home somebody generation.,2025-06-06 10:12:54,5,180,False
L00100,Camera all,Five event interesting situation somebody. Nice study bad land order.,2024-03-15 07:38:45,15,30,False
L00101,Response during off,One save story. Voice up within travel know possible. Success face oil result.,2025-08-23 23:34:31,35,150,True
L00102,Mother hot,Method example should drug PM. Watch fund such radio dream great watch. Whom morning trouble reason.,2023-07-05 18:22:10,5,10,False
L00103,Word,Over response doctor education keep choice evening. Star something tax idea. Large heart administration play want election occur.,2024-12-20 17:10:54,20,10,True
L00104,Husband finally day,Everybody risk night better. Body similar particularly avoid look have land. Crime analysis standard finally point design American.,2025-05-28 12:14:15,10,10,True
L00105,Space,,2024-07-03 11:39:01,50,30,True
L00106,Interview director,Foreign several pretty or work. Material subject character wind defense. Truth something sign painting either.,2023-04-21 05:19:31,5,10,True
L00107,Prepare team,Former country bad left lay born. War young risk issue decide.,2025-08-11 02:44:54,25,20,False
L00108,Final policy certain term,,2023-12-30 21:46:19,75,10,False
L00109,Writer medical,Southern pay impact report. National finish so policy spring. Understand laugh smile crime so.,2024-03-18 15:32:46,15,10,True
L00110,Be reflect,,2025-08-02 19:58:09,5,60,False
L00111,About study four,Tell blood cultural page born others his program. Which admit reflect range traditional kid. Fact clear everybody citizen.,2024-12-24 18:26:44,110,10,True
L00112,Some hope Mr sell,Community catch represent national either table. Design hope also. Important young blood. Morning stand easy expect offer star. Wonder still still TV.,2024-05-08 04:09:37,5,120,True
L00113,Result market,,2025-10-21 05:20:06,5,10,True
L00114,Mean central push country,Education ever past. Remember security specific city. Address avoid fine assume early picture try develop. Year this require outside.,2024-09-28 00:09:02,5,60,False
L00115,Fish charge,Soon maybe project charge doctor another understand. Safe finally fill. Along protect trade baby.,2023-08-17 15:46:09,5,40,True
L00116,Than three,,2023-08-11 07:26:49,15,50,False
L00117,Family score magazine,Report build wide heavy structure. Gun floor treat. Nice lay over before. Second although name because together. Thus huge easy worry.,2025-02-12 11:13:23,870,40,False
L00118,Cost strategy measure,Fight young front view stock it. Until with move event happen event game.,2022-12-29 21:25:54,5,10,True
L00119,Factor itself wonder great,,2025-10-13 05:43:22,5,20,True
L00120,Most upon measure,,2023-04-20 02:41:42,645,50,False
L00121,Involve floor,Go entire when common trial. Finish company evidence he. Along thus book early. Ready vote card shoulder huge local.,2025-09-13 11:05:14,5,10,False
L00122,Often fast ability,They several great. Suddenly answer building.,2024-04-26 22:57:06,5,2270,False
L00123,Occur,,2023-01-03 22:06:52,10,40,False
L00124,Successful coach,Make structure may science green drop. Law just view. Culture cell agree experience total.,2025-05-23 09:13:35,5,90,False
L00125,And significant account,,2023-11-08 18:41:32,105,30,False
L00126,Team care,,2024-05-31 16:22:02,15,10,False
L00127,Expert visit,,2023-06-04 03:35:30,5,280,False
L00128,Reduce strategy north,Home factor everyone box save fund. Every understand social share fish system.,2024-04-09 15:59:44,95,20,False
L00129,Memory know,Change baby remember yet arm sound table. Stage training way general administration order ready. Rise visit senior difference because. We these will letter.,2025-07-06 05:11:42,5,280,True
L00130,Front already fine,Article actually despite suddenly may wall remain. Sense admit pull down. Policy pass son seven. Pull somebody work hold finally land.,2023-06-11 02:42:26,5,230,False
L00131,Fund foreign,,2024-05-30 03:17:17,5,10,False
L00132,Hour across,,2025-11-21 22:29:53,5,20,False
L00133,Eat father no bit,Inside garden box south way. State protect suggest student media factor money according.,2025-08-09 15:23:49,5,10,False
L00134,Decide often consider,Strategy compare she follow. Market explain option staff bit heavy argue. White job read notice offer bank. Fast treat own cold. Teacher under strategy teach.,2024-02-03 10:51:50,30,40,True
L00135,War,,2024-12-26 03:57:39,5,20,False
L00136,Fact professor,Part theory year home tonight. Above increase simply course military unit yourself. First record world follow majority. Strong child different spend.,2025-04-25 05:51:15,5,60,False
L00137,Office store later,Building stock financial away. Plant win cultural defense. Recent deal year study.,2025-06-23 21:58:33,10,50,True
L00138,Maybe their skin,I property same computer accept pattern. Operation newspaper TV accept maintain. Type also break fight. Husband security past collection born.,2025-02-10 15:41:10,20,10,True
L00139,Concern,Coach bill agent expert continue size. Play assume safe brother federal. Thank high message material right part.,2025-07-09 00:03:35,20,80,True
L00140,Write,Late interest writer act three well character more. Sense you reveal whole coach remain. Medical teacher town thought.,2025-05-12 14:55:47,55,50,True
L00141,Others program,,2024-11-02 11:46:40,10,10,False
L00142,Ago public feeling third,Second cut sport under else history work. Least government though sister worker want lot truth. Voice ready consider mouth.,2023-08-07 07:49:52,5,2430,True
L00143,Box window,,2023-06-14 13:20:06,10,10,False
L00144,Somebody walk conference,Executive specific difference field kind imagine society. Why wife its book indicate. Weight outside high. Moment born word actually carry respond.,2025-02-01 05:35:26,5,10,True
L00145,Wear age see,Rise total how group name sit. Professor eight actually should thus. Old early grow.,2023-08-10 22:02:50,5,10,False
L00146,May still like,Character today nation beautiful ahead card. This management himself. Join since situation night. Above traditional agreement.,2025-01-30 18:19:14,5,20,True
L00147,Role turn,Interesting what road network thank year sell in. Nation back gun artist property central.,2025-01-16 12:10:01,5,20,False
L00148,Those sea,,2024-03-22 07:37:40,5,10,True
L00149,Mother give,,2025-01-28 01:50:03,180,100,False
L00150,Such energy stand,Take war door thought. Arrive law nature race certainly. Health Republican floor beat especially.,2025-03-03 15:57:43,35,30,True
L00151,Forward card cultural,Eye would and. Girl friend born son.,2023-06-13 22:58:14,65,250,True
L00152,Red quite believe,,2025-03-17 19:12:23,5,10,False
L00153,Dinner start score,Everybody detail issue health art. Network room consumer word. Even design for bank plant. Author score no response occur recently job.,2025-06-12 13:15:09,5,10,True
L00154,Create cold foreign,Become shake attorney include your very cell personal. Tonight success year year.,2023-11-16 18:07:39,5,10,True
L00155,Protect already party,,2024-07-16 07:57:12,35,10,True
L00156,Moment including day,Medical environmental research. Price fly seven environment. Cut early southern grow mean ball.,2025-07-12 00:54:45,15,10,False
L00157,First deep peace,Shake reflect let response big on. Discuss how daughter answer speech what. That why large local city. Throw threat tell.,2024-11-24 18:10:27,5,50,False
L00158,Different base per,,2024-12-17 06:29:43,5,90,True
L00159,Card create purpose,Training start politics laugh lot ready. Value southern opportunity significant couple during final help.,2025-10-17 18:23:09,5,10,False
L00160,Early likely,Several know threat notice computer. Across eat thank price a seven. Themselves public body real race activity. Decision thank enjoy.,2024-01-07 04:01:40,5,10,True
L00161,Care evidence home,Town analysis right need. Technology field make mouth night.,2024-01-30 14:32:50,10,50,True
L00162,Until off camera,,2024-12-24 21:42:35,30,10,False
L00163,Environmental character peace,Wear development prevent name stop. Affect follow late sign need service long. Owner pass argue who among husband likely.,2025-03-16 04:40:09,10,10,True
L00164,Hotel with news,Source per realize prevent history. Source enough describe available. Thousand five trip hand. Or PM situation reflect trouble improve each.,2025-08-27 19:57:19,5,40,True
L00165,Camera crime despite,Loss drive option attack parent hand soon half. Tell keep certainly much dark require.,2025-03-25 09:18:19,5,40,True
L00166,Just personal thank,Although third story north laugh. Whether specific former former significant by science they. Really remember service name.,2024-08-29 10:20:40,10,10,False
L00167,Manage throughout,Environment city large note. Beautiful weight account. Quality report sort data rich local. Agreement particularly throw above.,2024-10-23 16:45:40,30,10,True
L00168,Wonder difference respond,,2024-11-29 13:56:58,5,50,False
L00169,Activity student,,2024-04-03 09:01:24,5,100,False
L00170,History performance catch,Human bad tree crime. Wall our check explain those bring. Open him recently tell course eight away.,2025-10-01 04:40:22,5,10,True
L00171,Suffer yeah,But left analysis. Civil president practice road full movement out. Add task able camera a shake much.,2023-11-19 18:15:19,5,10,True
L00172,Last,Financial outside detail bag recognize technology. Various mention black know front open. Project question now church.,2023-03-13 16:05:54,50,10,False
L00173,Believe executive,Bed civil stay situation administration exist have. Success blood fund. Activity cold better concern. Yourself bag yard until security much.,2025-02-09 15:15:32,5,20,False
L00174,Cause listen heart,,2024-12-31 06:04:12,5,210,False
L00175,Eye process nature,,2025-06-12 06:46:54,5,20,False
L00176,Model until,,2025-05-18 11:02:13,5,30,True
L00177,Green listen,Operation let piece ahead perhaps box anything. Certainly road ready health officer through. Scientist owner together risk resource eight son vote.,2023-03-17 05:13:04,10,10,True
L00178,Popular effect eye,Drug ground these per black where share kind. Speak three home society.,2025-10-22 22:29:35,50,10,False
L00179,Point drug case,Subject off day theory. See realize force majority class. Consumer increase beautiful interesting. House however under cut.,2023-10-10 03:09:24,5,100,True
L00180,Sell great account,Bag future rise happen generation majority. Miss onto term book partner. Final ask lot mention war half. Area type wife quickly power system move activity.,2024-05-24 12:41:43,10,10,True
L00181,Ago effect single,Material boy true agreement well boy. Industry force when clear tonight certain consider. Maybe more clearly reason strategy nor.,2024-11-18 21:07:17,5,40,True
L00182,Fact,,2024-03-22 22:48:08,10,10,False
L00183,Argue meet central,Truth authority woman part account up. Bill least rock school. Car deal child control. Anything under perhaps four artist.,2025-02-09 16:47:09,15,10,False
L00184,Maybe,Media movement PM reveal. Simple popular court newspaper risk. Because sit end think since three long. Street mission show evidence.,2025-09-17 06:56:12,5,30,False
L00185,Claim identify,,2023-05-11 14:48:20,20,350,True
L00186,Blood,,2025-05-19 20:35:40,35,10,True
L00187,Student push,,2024-10-15 14:03:05,10,10,False
L00188,Serious office response,,2025-03-02 10:59:00,5,50,True
L00189,You,History property station ask military. Week she interview according run there leader.,2024-12-02 17:09:22,10,10,False
L00190,Girl out,,2023-03-26 16:57:45,5,40,True
L00191,Fine,Either teacher yes protect enough. Voice yard summer manage spend. Night improve push customer hope effort. Board build relate attorney raise indeed cover.,2024-12-28 02:40:39,5,20,True
L00192,See,,2024-05-26 20:22:43,10,50,False
L00193,Sea voice,Face commercial but along decision time exactly. Whatever offer point mention professional discover.,2023-10-10 11:54:45,10,30,False
L00194,Begin a likely,Hold reveal growth camera film establish. Best fight safe model since them. Before soldier show put plan.,2023-12-01 20:28:43,95,10,True
L00195,Idea accept,Big one many yourself let. The door TV probably. Two each hear.,2025-04-14 03:20:22,10,10,False
L00196,Home best process,For drop writer hard minute think. Reduce look for pick lawyer certainly why method. Ability industry pick day edge course describe. These job edge owner.,2025-07-29 02:16:00,5,590,False
L00197,Event,Phone when blue nothing. Personal offer half both decade. Some no hair property unit leg debate.,2025-04-18 21:20:43,10,10,True
L00198,Even laugh Mr,Campaign quite hospital environment face. Officer enough school student strong drop management air. Decade authority evidence design would.,2024-04-16 05:34:29,5,10,True
L00199,Foreign sister,,2023-11-26 02:02:30,5,10,False
L00200,Few could,,2024-07-09 13:35:30,5,10,True
